time,seconds_elapsed,z,y,x
1784821985811120000,0.0861201171875,-0.019624045118689537,-0.000839939690195024,0.00733038317412138
1784821985822968800,0.09796875,-0.019624045118689537,-0.000839939690195024,0.00733038317412138
1784821985832968700,0.10796875,-0.019624045118689537,-0.000839939690195024,0.00733038317412138
1784821985842968800,0.11796875,-0.019624045118689537,-0.000839939690195024,0.00733038317412138
1784821985852968700,0.12796875,0.018249599263072014,0.00038179077091626823,-0.02321287989616394
1784821985862968800,0.13796875,0.02496911771595478,-0.0038942659739404917,-0.0403171069920063
1784821985872968700,0.14796875,0.020693060010671616,-0.000839939690195024,-0.06352998316287994
1784821985882968800,0.15796875,0.0188604649156332,-0.0032834007870405912,-0.08002334833145142
1784821985892968700,0.16796875,0.012751812115311623,-0.01366810966283083,-0.08185594528913498
1784821985902968800,0.17796875,-0.00007635815563844517,-0.0264962799847126,-0.08002334833145142
1784821985912968700,0.18796875,-0.007406740915030241,-0.03749185428023338,-0.08246681094169617
1784821985922968800,0.19796875,-0.023900102823972702,-0.03504839166998863,-0.08124507963657379
1784821985932968700,0.20796875,-0.04772384837269783,-0.03749185428023338,-0.0708603709936142
1784821985942968800,0.21796875,-0.06666067242622375,-0.0619264654815197,-0.05803219974040985
1784821985952968700,0.22796875,-0.07276932150125504,-0.09613491594791412,-0.04886921867728233
1784821985962968800,0.23796875,-0.07154759019613266,-0.11690433323383331,-0.05803219974040985
1784821985972968700,0.24796875,-0.06360634416341782,-0.12301298975944519,-0.08552113175392151
1784821985982968800,0.25796875,-0.04283692687749863,-0.12423472106456757,-0.11728613078594208
1784821985992968700,0.26796875,-0.025121834129095078,-0.12606731057167053,-0.14355333149433136
1784821986002968800,0.27796875,-0.016569720581173897,-0.1175151988863945,-0.1661553531885147
1784821986012967400,0.287967529296875,-0.008017606101930141,-0.12118039280176163,-0.19058994948863983
1784821986022967600,0.297967529296875,0.0029779679607599974,-0.15111279487609863,-0.2168571650981903
1784821986032967400,0.307967529296875,0.0017562375869601965,-0.20425806939601898,-0.24434609711170197
1784821986042967600,0.317967529296875,-0.017180584371089935,-0.2500729560852051,-0.2687807083129883
1784821986052967400,0.327967529296875,-0.04466952010989189,-0.2500729560852051,-0.2816088795661926
1784821986062967600,0.337967529296875,-0.06666067242622375,-0.20731239020824432,-0.2871066629886627
1784821986072967400,0.347967529296875,-0.08193229883909225,-0.14072808623313904,-0.2687807083129883
1784821986082967600,0.357967529296875,-0.08132143318653107,-0.11690433323383331,-0.24373523890972137
1784821986092967400,0.367967529296875,-0.07643451541662216,-0.09552405029535294,-0.21380282938480377
1784821986102967600,0.377967529296875,-0.07032585889101028,-0.06559165567159653,-0.17959438264369965
1784821986112967400,0.387967529296875,-0.06788240373134613,-0.024663684889674187,-0.15760323405265808
1784821986122967600,0.397967529296875,-0.06055201590061188,0.0290924571454525,-0.13927727937698364
1784821986132967400,0.407967529296875,-0.0544433668255806,0.07857254147529602,-0.1215621829032898
1784821986142967600,0.417967529296875,-0.05383250117301941,0.09384417533874512,-0.10567969083786011
1784821986152967400,0.427967529296875,-0.05994115397334099,0.07551821321249008,-0.09162978827953339
1784821986162967600,0.437967529296875,-0.06788240373134613,0.053527068346738815,-0.0806342139840126
1784821986172967400,0.447967529296875,-0.07521278411149979,0.04864014685153961,-0.08246681094169617
1784821986182967600,0.457967529296875,-0.08132143318653107,0.05535966157913208,-0.09224065393209457
1784821986192967400,0.467967529296875,-0.0746019184589386,0.06207918003201485,-0.0959058403968811
1784821986202967600,0.477967529296875,-0.06849326193332672,0.05841398984193802,-0.09162978827953339
1784821986212966700,0.487966552734375,-0.06910412758588791,0.038866300135850906,-0.08124507963657379
1784821986222966500,0.497966552734375,-0.07093672454357147,0.010766499675810337,-0.07513642311096191
1784821986232966700,0.507966552734375,-0.06238461285829544,0.009544769302010536,-0.0861319974064827
1784821986242966500,0.517966552734375,-0.05688682571053505,0.03459024429321289,-0.09957103431224823
1784821986252966700,0.527966552734375,-0.05077817291021347,0.060246583074331284,-0.11239920556545258
1784821986262966500,0.537966552734375,-0.041004329919815063,0.06574437022209167,-0.11911872029304504
1784821986272966700,0.547966552734375,-0.040393464267253876,0.056581392884254456,-0.12400564551353455
1784821986282966500,0.557966552734375,-0.04222606122493744,0.036422841250896454,-0.13011430203914642
1784821986292966700,0.567966552734375,-0.044058654457330704,0.005268712528049946,-0.1466076523065567
1784821986302966500,0.577966552734375,-0.04589125141501427,-0.02710714563727379,-0.16798794269561768
1784821986312967400,0.587967529296875,-0.044058654457330704,-0.05093089118599892,-0.18875735998153687
1784821986322967300,0.59796728515625,-0.043447788804769516,-0.04726569727063179,-0.20830504596233368
1784821986332967400,0.607967529296875,-0.04466952010989189,-0.031383201479911804,-0.22113321721553802
1784821986342967300,0.61796728515625,-0.04894557595252991,-0.016722436994314194,-0.22846360504627228
1784821986352967400,0.627967529296875,-0.05077817291021347,0.0009926559869199991,-0.2376265823841095
1784821986362967300,0.63796728515625,-0.04833471402525902,0.0022143865935504436,-0.2431243658065796
1784821986372967400,0.647967529296875,-0.0391717329621315,-0.01488984003663063,-0.24434609711170197
1784821986382967300,0.65796728515625,-0.031841352581977844,-0.04115704447031021,-0.251676470041275
1784821986392967400,0.667967529296875,-0.032452214509248734,-0.0466548316180706,-0.2742784917354584
1784821986402967300,0.67796728515625,-0.034895677119493484,-0.04604396969079971,-0.3139847218990326
1784821986412966700,0.687966552734375,-0.043447788804769516,-0.03749185428023338,-0.3597996234893799
1784821986422966500,0.697966552734375,-0.05322163552045822,-0.033826664090156555,-0.3988949954509735
1784821986432966700,0.707966552734375,-0.06360634416341782,-0.028939740732312202,-0.4239404797554016
1784821986442966500,0.717966552734375,-0.07399105280637741,0.007712173741310835,-0.42699480056762695
1784821986452966700,0.727966552734375,-0.09414960443973541,0.06757696717977524,-0.4184426963329315
1784821986462966500,0.737966552734375,-0.11614075303077698,0.11583532392978668,-0.4105014503002167
1784821986472966700,0.747966552734375,-0.12896892428398132,0.13904820382595062,-0.4050036668777466
1784821986482966500,0.757966552734375,-0.12713633477687836,0.14943291246891022,-0.39706242084503174
1784821986492966700,0.767966552734375,-0.12408200651407242,0.1408807933330536,-0.39584067463874817
1784821986502966500,0.777966552734375,-0.12469286471605301,0.1256091594696045,-0.394618958234787
1784821986512967400,0.787967529296875,-0.1356884390115738,0.10606148093938828,-0.3988949954509735
1784821986522967600,0.797967529296875,-0.1558469980955124,0.07673994451761246,-0.40256020426750183
1784821986532967400,0.807967529296875,-0.18700112402439117,0.0541379339993,-0.4056145250797272
1784821986542967600,0.817967529296875,-0.19494237005710602,0.047418415546417236,-0.4098905920982361
1784821986552967400,0.827967529296875,-0.18272507190704346,0.04558581858873367,-0.4129449129104614
1784821986562967600,0.837967529296875,-0.15706872940063477,0.041920628398656845,-0.4129449129104614
1784821986572967400,0.847967529296875,-0.12896892428398132,0.05169447138905525,-0.40744712948799133
1784821986582967600,0.857967529296875,-0.10942123830318451,0.06818783283233643,-0.39645153284072876
1784821986592967400,0.867967529296875,-0.09720393270254135,0.08895725011825562,-0.37262779474258423
1784821986602967600,0.877967529296875,-0.08865182101726532,0.08651378750801086,-0.32620203495025635
1784821986612966700,0.887966552734375,-0.09598220139741898,0.07368562370538712,-0.2718350291252136
1784821986622966500,0.897966552734375,-0.11125383526086807,0.053527068346738815,-0.21563543379306793
1784821986632966700,0.907966552734375,-0.11919508129358292,0.023594669997692108,-0.15515977144241333
1784821986642966500,0.917966552734375,-0.12835806608200073,-0.016111571341753006,-0.0959058403968811
1784821986652966700,0.927966552734375,-0.13141238689422607,-0.05032002553343773,-0.04337143152952194
1784821986662966500,0.937966552734375,-0.13141238689422607,-0.057039543986320496,0.007941247895359993
1784821986672966700,0.947966552734375,-0.12163854390382767,-0.03871358558535576,0.05009094998240471
1784821986682966500,0.957966552734375,-0.10147999227046967,-0.02344195358455181,0.08002334833145142
1784821986692966700,0.967966552734375,-0.051999904215335846,-0.011224648915231228,0.10445795953273773
1784821986702966500,0.977966552734375,-0.01595885492861271,-0.016722436994314194,0.10873401165008545
1784821986712967400,0.987967529296875,0.007864889688789845,-0.03260493278503418,0.1007927656173706
1784821986722967600,0.997967529296875,0.0188604649156332,-0.05642867833375931,0.08674286305904388
1784821986732967400,1.007967529296875,0.023136520758271217,-0.05948300287127495,0.07819075137376785
1784821986742967600,1.017967529296875,0.023136520758271217,-0.051541756838560104,0.06291911751031876
1784821986752967200,1.02796728515625,0.024358252063393593,-0.03810271993279457,0.04642575979232788
1784821986762967300,1.03796728515625,0.02863430790603161,-0.021609358489513397,0.036651913076639175
1784821986772967200,1.04796728515625,0.030466904863715172,-0.0038942659739404917,0.02932153269648552
1784821986782967300,1.05796728515625,0.027412578463554382,-0.00022907447419129312,0.02626720629632473
1784821986792967200,1.06796728515625,0.013973542489111423,-0.008781188167631626,0.03176499158143997
1784821986802967300,1.07796728515625,-0.004963280167430639,-0.02344195358455181,0.036651913076639175
1784821986812966400,1.08796630859375,-0.022067507728934288,-0.039935316890478134,0.030543262138962746
1784821986822966500,1.097966552734375,-0.03306308016180992,-0.04909829422831535,0.01771509274840355
1784821986832966400,1.10796630859375,-0.037339139729738235,-0.048487428575754166,-0.001832595793530345
1784821986842966500,1.117966552734375,-0.031841352581977844,-0.022220224142074585,-0.03420845419168472
1784821986852966400,1.12796630859375,-0.023900102823972702,-0.005726861767470837,-0.05497787147760391
1784821986862966500,1.137966552734375,-0.01840231567621231,0.009544769302010536,-0.0708603709936142
1784821986872966400,1.14796630859375,-0.010461067780852318,0.005268712528049946,-0.08674286305904388
1784821986882966500,1.157966552734375,0.002367102773860097,-0.0069485921412706375,-0.10201449692249298
1784821986892966400,1.16796630859375,0.015195272862911224,-0.0264962799847126,-0.11911872029304504
1784821986902966500,1.177966552734375,0.013973542489111423,-0.033826664090156555,-0.1319468915462494
1784821986912967200,1.18796728515625,0.007254024967551231,-0.0264962799847126,-0.13805554807186127
1784821986922967300,1.19796728515625,-0.0037415495608001947,-0.021609358489513397,-0.13744467496871948
1784821986932967200,1.20796728515625,-0.01595885492861271,-0.02099849283695221,-0.12095131725072861
1784821986942967300,1.21796728515625,-0.03000875562429428,-0.019776761531829834,-0.0959058403968811
1784821986952967200,1.22796728515625,-0.03672827407717705,-0.022220224142074585,-0.07452555745840073
1784821986962967800,1.2379677734375,-0.03367394581437111,-0.018555032089352608,-0.05314527451992035
1784821986972967700,1.2479677734375,-0.025121834129095078,-0.00939205288887024,-0.03420845419168472
1784821986982967800,1.2579677734375,-0.013515393249690533,-0.006337726954370737,-0.021991148591041565
1784821986992967700,1.2679677734375,0.002367102773860097,-0.013057244941592216,-0.01466076634824276
1784821987002967800,1.2779677734375,0.009697485715150833,-0.025274548679590225,-0.015271631069481373
1784821987012967000,1.287966796875,0.013973542489111423,-0.04054617881774902,-0.021991148591041565
1784821987022967000,1.297967041015625,0.010308351367712021,-0.04360050708055496,-0.0354301854968071
1784821987032967000,1.307966796875,0.008475755341351032,-0.030161472037434578,-0.04214970022439957
1784821987042967000,1.317967041015625,0.0029779679607599974,-0.008781188167631626,-0.04092797264456749
1784821987052967200,1.32796728515625,0.0035888333804905415,-0.0038942659739404917,-0.03176499158143997
1784821987062967000,1.337967041015625,0.004199698567390442,0.00038179077091626823,-0.015271631069481373
1784821987072967200,1.34796728515625,0.0029779679607599974,-0.008781188167631626,-0.0006108652451075613
1784821987082967000,1.357967041015625,-0.0012980886967852712,-0.016722436994314194,0.01710422709584236
1784821987092967200,1.36796728515625,-0.00618501054123044,-0.021609358489513397,0.02871066704392433
1784821987102967000,1.377967041015625,-0.006795875728130341,-0.02344195358455181,0.029932396486401558
1784821987112968000,1.387968017578125,-0.00557414535433054,-0.02344195358455181,0.02626720629632473
1784821987122967800,1.3979677734375,-0.00862847175449133,-0.02344195358455181,0.02076941914856434
1784821987132968000,1.407968017578125,-0.01290452852845192,-0.015500705689191818,0.02015855349600315
1784821987142967800,1.4179677734375,-0.023289237171411514,-0.0069485921412706375,0.02076941914856434
1784821987152968000,1.427968017578125,-0.020845776423811913,0.004046982154250145,0.02871066704392433
1784821987162967800,1.4379677734375,-0.01412625890225172,0.009544769302010536,0.033597588539123535
1784821987172968000,1.447968017578125,-0.00618501054123044,0.010155634954571724,0.03787364438176155
1784821987182967800,1.4579677734375,-0.0006872233934700489,0.016264287754893303,0.036041051149368286
1784821987192968000,1.467968017578125,0.0017562375869601965,0.024816401302814484,0.03176499158143997
1784821987202967800,1.4779677734375,0.002367102773860097,0.01992947794497013,0.02626720629632473
1784821987212967200,1.48796728515625,0.004199698567390442,0.004657847341150045,0.015882495790719986
1784821987222967000,1.497967041015625,0.008475755341351032,-0.011835514567792416,0.006108652334660292
1784821987232967200,1.50796728515625,0.010919216088950634,-0.015500705689191818,-0.0012217304902151227
1784821987242967000,1.517967041015625,0.010308351367712021,-0.0020616701804101467,-0.001832595793530345
1784821987252967200,1.52796728515625,0.011530081741511822,-0.004505131393671036,0
1784821987262966800,1.537966796875,0.01947133056819439,-0.01794416643679142,0.006108652334660292
1784821987272966700,1.547966552734375,0.02863430790603161,-0.01488984003663063,0.012828170321881771
1784821987282966800,1.557966796875,0.027412578463554382,0.010155634954571724,0.01038470957428217
1784821987293498600,1.56849853515625,0.02496911771595478,0.0443640872836113,0.012217304669320583
1784821987303498500,1.57849853515625,0.0188604649156332,0.05169447138905525,0.033597588539123535
1784821987313499400,1.58849951171875,0.0164170041680336,0.024205535650253296,0.0507018156349659
1784821987323499300,1.598499267578125,0.0164170041680336,0.005268712528049946,0.06352998316287994
1784821987333499400,1.60849951171875,0.018249599263072014,0.005879578180611134,0.06719517707824707
1784821987343499300,1.618499267578125,0.02191479131579399,0.009544769302010536,0.06291911751031876
1784821987353499400,1.62849951171875,0.023747386410832405,0.0016035212902352214,0.05803219974040985
1784821987363499300,1.638499267578125,0.023747386410832405,-0.022831087931990623,0.048258353024721146
1784821987373499400,1.64849951171875,0.020082194358110428,-0.03871358558535576,0.0354301854968071
1784821987383499300,1.658499267578125,0.0188604649156332,-0.03321579843759537,0.02382374368607998
1784821987393499400,1.66849951171875,0.013362676836550236,-0.01488984003663063,0.015271631069481373
1784821987403499300,1.678499267578125,0.008475755341351032,-0.007559457328170538,0.01038470957428217
1784821987413498400,1.688498291015625,0.0017562375869601965,-0.007559457328170538,0.009162978269159794
1784821987423498500,1.69849853515625,-0.009239336475729942,-0.012446379289031029,0.009162978269159794
1784821987433498400,1.708498291015625,-0.022067507728934288,-0.01794416643679142,0.013439035043120384
1784821987443498500,1.71849853515625,-0.02695442922413349,-0.024052819237113,0.02382374368607998
1784821987453498400,1.728498291015625,-0.020234910771250725,-0.02955060638487339,0.024434609338641167
1784821987463498500,1.73849853515625,-0.008017606101930141,-0.036880988627672195,0.01710422709584236
1784821987473498400,1.748498291015625,-0.0006872233934700489,-0.03871358558535576,0.00855211354792118
1784821987483498500,1.75849853515625,0.0011453722836449742,-0.03260493278503418,0.0024434609804302454
1784821987493498400,1.768498291015625,0.0011453722836449742,-0.016111571341753006,0.001832595793530345
1784821987503498500,1.77849853515625,-0.0006872233934700489,0.0071013085544109344,0.006719517521560192
1784821987513499400,1.78849951171875,0.0005345070967450738,0.011988230049610138,0.015882495790719986
1784821987523499300,1.798499267578125,-0.0006872233934700489,0.0016035212902352214,0.02871066704392433
1784821987533499400,1.80849951171875,-0.006795875728130341,-0.008781188167631626,0.04459316283464432
1784821987543499500,1.81849951171875,-0.00985020212829113,-0.011224648915231228,0.060475658625364304
1784821987553499400,1.82849951171875,-0.011071932502090931,-0.0020616701804101467,0.06719517707824707
1784821987563499500,1.83849951171875,-0.011682798154652119,-0.00022907447419129312,0.06475171446800232
1784821987573499400,1.84849951171875,-0.007406740915030241,-0.005726861767470837,0.05925392732024193
1784821987583499300,1.858499267578125,0.0005345070967450738,-0.02099849283695221,0.05009094998240471
1784821987593499400,1.86849951171875,0.009086620062589645,-0.02955060638487339,0.03787364438176155
1784821987603499300,1.878499267578125,0.0164170041680336,-0.02344195358455181,0.010995574295520782
1784821987613498600,1.88849853515625,0.02252565510571003,-0.018555032089352608,-0.0024434609804302454
1784821987623498500,1.89849853515625,0.018249599263072014,-0.005115996580570936,-0.004886921960860491
1784821987633498600,1.90849853515625,0.004199698567390442,0.00038179077091626823,-0.0006108652451075613
1784821987643498500,1.91849853515625,-0.0012980886967852712,-0.0020616701804101467,0.01160643994808197
1784821987653498600,1.92849853515625,-0.008017606101930141,-0.005115996580570936,0.02015855349600315
1784821987663498500,1.93849853515625,-0.012293662875890732,-0.007559457328170538,0.022602014243602753
1784821987673498600,1.94849853515625,-0.015347989276051521,-0.01061378326267004,0.02015855349600315
1784821987683498500,1.95849853515625,-0.01595885492861271,-0.01794416643679142,0.01710422709584236
1784821987693498600,1.96849853515625,-0.011071932502090931,-0.02038762718439102,0.010995574295520782
1784821987703498500,1.97849853515625,-0.004352414980530739,-0.017333300784230232,0
1784821987713499400,1.98849951171875,0.0017562375869601965,-0.008170322515070438,-0.013439035043120384
1784821987723499300,1.998499267578125,0.004199698567390442,-0.0014508049935102463,-0.025656340643763542
1784821987733499400,2.00849951171875,0.007254024967551231,0.005879578180611134,-0.025045474991202354
1784821987743499300,2.018499267578125,-0.004963280167430639,0.013209961354732513,-0.01710422709584236
1784821987753499400,2.02849951171875,-0.025732697919011116,0.011988230049610138,0.015882495790719986
1784821987763499300,2.038499267578125,-0.03061962127685547,0.005268712528049946,0.04153883829712868
1784821987773499400,2.04849951171875,-0.03061962127685547,-0.0032834007870405912,0.05864306539297104
1784821987783499300,2.058499267578125,-0.02451096847653389,-0.007559457328170538,0.06291911751031876
1784821987793499400,2.06849951171875,-0.010461067780852318,-0.0069485921412706375,0.05253441259264946
1784821987803499300,2.078499267578125,0.004199698567390442,-0.004505131393671036,0.03176499158143997
1784821987813498600,2.08849853515625,0.015806138515472412,0.0016035212902352214,0.00733038317412138
1784821987823498500,2.09849853515625,0.020693060010671616,0.004657847341150045,-0.01038470957428217
1784821987833498400,2.108498291015625,0.012140946462750435,0.0009926559869199991,-0.01771509274840355
1784821987843498500,2.11849853515625,0.0017562375869601965,-0.008170322515070438,-0.022602014243602753
1784821987853498400,2.128498291015625,0.0005345070967450738,-0.016722436994314194,-0.025656340643763542
1784821987863498500,2.13849853515625,0.004810563754290342,-0.022220224142074585,-0.031154127791523933
1784821987873498400,2.148498291015625,0.009697485715150833,-0.019165897741913795,-0.0354301854968071
1784821987883498500,2.15849853515625,0.013362676836550236,-0.000839939690195024,-0.03848451003432274
1784821987893498400,2.168498291015625,0.009086620062589645,0.022372938692569733,-0.036041051149368286
1784821987903498500,2.17849853515625,0.0029779679607599974,0.03275764733552933,-0.027488935738801956
1784821987913499400,2.18849951171875,-0.011071932502090931,0.019318614155054092,-0.014049900695681572
1784821987923499300,2.198499267578125,-0.015347989276051521,0.004046982154250145,-0.004886921960860491
1784821987933499400,2.20849951171875,-0.01595885492861271,0.0009926559869199991,0.0024434609804302454
1784821987943499300,2.218499267578125,-0.008017606101930141,0.005268712528049946,-0.0012217304902151227
1784821987953499400,2.22849951171875,0.006032294128090143,0.013820826075971127,-0.01160643994808197
1784821987963499300,2.238499267578125,0.012751812115311623,0.01748601719737053,-0.021991148591041565
1784821987973499400,2.24849951171875,0.013362676836550236,0.013820826075971127,-0.029932396486401558
1784821987983499300,2.258499267578125,0.010308351367712021,0.0034361169673502445,-0.03787364438176155
1784821987993499400,2.26849951171875,0.008475755341351032,-0.0069485921412706375,-0.0403171069920063
1784821988003499300,2.278499267578125,0.012751812115311623,-0.005726861767470837,-0.04337143152952194
1784821988013498400,2.288498291015625,0.015195272862911224,0.0009926559869199991,-0.04703662544488907
1784821988023498500,2.29849853515625,0.007864889688789845,0.006490443367511034,-0.04764748737215996
1784821988033498600,2.30849853515625,0.0011453722836449742,0.010155634954571724,-0.0354301854968071
1784821988043498500,2.31849853515625,-0.00862847175449133,0.008933904580771923,-0.019547687843441963
1784821988053498600,2.32849853515625,-0.015347989276051521,0.011377365328371525,-0.006719517521560192
1784821988063498500,2.33849853515625,-0.00862847175449133,0.010766499675810337,-0.003054326167330146
1784821988073498600,2.34849853515625,-0.0019089538836851716,0.002825251780450344,0.00366519158706069
1784821988083498500,2.35849853515625,0.002367102773860097,0.00038179077091626823,0.01160643994808197
1784821988093498600,2.36849853515625,0.0017562375869601965,0.0022143865935504436,0.009162978269159794
1784821988103498500,2.37849853515625,0.0035888333804905415,0.0022143865935504436,0.0006108652451075613
1784821988113499400,2.38849951171875,0.007254024967551231,0.0009926559869199991,-0.00427605677396059
1784821988123499300,2.398499267578125,0.009697485715150833,0.0009926559869199991,-0.004886921960860491
1784821988133499400,2.40849951171875,0.009086620062589645,0.0034361169673502445,-0.005497787147760391
1784821988143499300,2.418499267578125,0.007864889688789845,-0.00022907447419129312,-0.003054326167330146
1784821988153499400,2.42849951171875,0.0035888333804905415,-0.0014508049935102463,-0.0024434609804302454
1784821988163499300,2.438499267578125,-0.0019089538836851716,-0.0014508049935102463,-0.001832595793530345
1784821988173499400,2.44849951171875,-0.0037415495608001947,-0.002672535367310047,-0.00427605677396059
1784821988183499300,2.458499267578125,-0.0037415495608001947,0.0016035212902352214,-0.00366519158706069
1784821988193499400,2.46849951171875,-0.010461067780852318,0.009544769302010536,0.00366519158706069
1784821988203499300,2.478499267578125,-0.02451096847653389,0.015653422102332115,0.018936822190880775
1784821988213498600,2.48849853515625,-0.03672827407717705,0.015042556449770927,0.036041051149368286
1784821988223498500,2.49849853515625,-0.031841352581977844,0.011988230049610138,0.05619960278272629
1784821988233498600,2.50849853515625,-0.020845776423811913,0.013209961354732513,0.05192354694008827
1784821988243498500,2.51849853515625,-0.0012980886967852712,0.002825251780450344,0.03848451003432274
1784821988253498600,2.52849853515625,0.013973542489111423,-0.007559457328170538,0.01771509274840355
1784821988263498500,2.53849853515625,0.02496911771595478,-0.016722436994314194,-0.01038470957428217
1784821988273498600,2.54849853515625,0.024358252063393593,-0.006337726954370737,-0.03481931984424591
1784821988283498500,2.55849853515625,0.0164170041680336,-0.000839939690195024,-0.051312681287527084
1784821988293498600,2.56849853515625,0.007864889688789845,-0.008781188167631626,-0.05742133408784866
1784821988303498500,2.57849853515625,-0.0012980886967852712,-0.01366810966283083,-0.04703662544488907
1784821988313499400,2.58849951171875,-0.007406740915030241,-0.007559457328170538,-0.02871066704392433
1784821988323499300,2.598499267578125,-0.00618501054123044,-0.0020616701804101467,-0.012828170321881771
1784821988333499400,2.60849951171875,-0.0012980886967852712,0.00038179077091626823,0
1784821988343499300,2.618499267578125,0.0035888333804905415,-0.0038942659739404917,0.006719517521560192
1784821988353499400,2.62849951171875,0.005421428941190243,-0.00022907447419129312,0.00855211354792118
1784821988363499300,2.638499267578125,0.006643159314990044,-0.000839939690195024,-0.0006108652451075613
1784821988373499400,2.64849951171875,0.009697485715150833,-0.01366810966283083,-0.021380282938480377
1784821988383499300,2.658499267578125,0.013973542489111423,-0.019776761531829834,-0.04214970022439957
1784821988393499400,2.66849951171875,0.02191479131579399,-0.025885414332151413,-0.06475171446800232
1784821988403499300,2.678499267578125,0.03413209691643715,-0.03260493278503418,-0.09040805697441101
1784821988413498400,2.688498291015625,0.04085161164402962,-0.022831087931990623,-0.10751228034496307
1784821988423498500,2.69849853515625,0.030466904863715172,-0.00022907447419129312,-0.10751228034496307
1784821988433498400,2.708498291015625,0.010308351367712021,0.021151209250092506,-0.08735372871160507
1784821988443498500,2.71849853515625,-0.010461067780852318,0.02298380434513092,-0.04642575979232788
1784821988453498400,2.728498291015625,-0.023289237171411514,0.013209961354732513,0.0006108652451075613
1784821988463498500,2.73849853515625,-0.03000875562429428,0.0034361169673502445,0.045204028487205505
1784821988473498400,2.748498291015625,-0.025121834129095078,0.010155634954571724,0.0757472887635231
1784821988483498500,2.75849853515625,-0.011682798154652119,0.02298380434513092,0.08857546001672745
1784821988493498400,2.768498291015625,0.0029779679607599974,0.027259862050414085,0.08796459436416626
1784821988503498500,2.77849853515625,0.014584408141672611,0.013209961354732513,0.07635815441608429
1784821988513499400,2.78849951171875,0.017638733610510826,-0.008170322515070438,0.0507018156349659
1784821988523499300,2.798499267578125,0.007864889688789845,-0.01488984003663063,0.00855211354792118
1784821988533499400,2.80849951171875,0.0029779679607599974,-0.011224648915231228,-0.01038470957428217
1784821988543499300,2.818499267578125,0.0029779679607599974,-0.007559457328170538,-0.022602014243602753
1784821988553499400,2.82849951171875,0.005421428941190243,-0.010002918541431427,-0.027488935738801956
1784821988563499300,2.838499267578125,0.009086620062589645,-0.008781188167631626,-0.024434609338641167
1784821988573499400,2.84849951171875,0.005421428941190243,-0.007559457328170538,-0.01710422709584236
1784821988583499300,2.858499267578125,-0.00007635815563844517,-0.01061378326267004,-0.006108652334660292
1784821988593499400,2.86849951171875,-0.004963280167430639,-0.011835514567792416,0.0024434609804302454
1784821988603499300,2.878499267578125,-0.00862847175449133,-0.011224648915231228,0.0024434609804302454
1784821988613498400,2.888498291015625,-0.004352414980530739,-0.0069485921412706375,0.0006108652451075613
1784821988623498500,2.89849853515625,-0.007406740915030241,0.002825251780450344,0.0024434609804302454
1784821988633498400,2.908498291015625,-0.01290452852845192,0.01992947794497013,0.01038470957428217
1784821988643498500,2.91849853515625,-0.016569720581173897,0.029703322798013687,0.021380282938480377
1784821988653498400,2.928498291015625,-0.01412625890225172,0.027259862050414085,0.036651913076639175
1784821988663498500,2.93849853515625,-0.011682798154652119,0.013820826075971127,0.04886921867728233
1784821988673498400,2.948498291015625,0.002367102773860097,-0.0069485921412706375,0.05253441259264946
1784821988683498500,2.95849853515625,0.012140946462750435,-0.011835514567792416,0.04459316283464432
1784821988693498400,2.968498291015625,0.015806138515472412,-0.019165897741913795,0.03176499158143997
1784821988703498500,2.97849853515625,0.014584408141672611,-0.024663684889674187,0.015271631069481373
1784821988713499400,2.98849951171875,0.012751812115311623,-0.025274548679590225,0.001832595793530345
1784821988723499300,2.998499267578125,0.009697485715150833,-0.022831087931990623,-0.012217304669320583
1784821988733499400,3.00849951171875,0.011530081741511822,-0.015500705689191818,-0.02321287989616394
1784821988753499400,3.02849951171875,0.006032294128090143,0.006490443367511034,-0.02687807008624077
1784821988763499300,3.038499267578125,0.0029779679607599974,0.01992947794497013,-0.01710422709584236
1784821988773499400,3.04849951171875,0.002367102773860097,0.023594669997692108,-0.0012217304902151227
1784821988783499500,3.05849951171875,-0.00007635815563844517,0.014431691728532314,0.010995574295520782
1784821988793499400,3.06849951171875,-0.0006872233934700489,0.0034361169673502445,0.018936822190880775
1784821988803499500,3.07849951171875,-0.0006872233934700489,0.004657847341150045,0.021991148591041565
1784821988813498600,3.08849853515625,0.0005345070967450738,0.004657847341150045,0.018936822190880775
1784821988823498500,3.09849853515625,-0.004963280167430639,-0.0014508049935102463,0.007941247895359993
1784821988833498400,3.108498291015625,-0.004352414980530739,-0.011224648915231228,0.0006108652451075613
1784821988843498500,3.11849853515625,-0.0019089538836851716,-0.011224648915231228,-0.0024434609804302454
1784821988853498400,3.128498291015625,-0.00007635815563844517,-0.0020616701804101467,-0.00366519158706069
1784821988863498500,3.13849853515625,0.0017562375869601965,0.013820826075971127,-0.00366519158706069
1784821988873498400,3.148498291015625,0.008475755341351032,0.018096882849931717,-0.0012217304902151227
1784821988883498500,3.15849853515625,0.007864889688789845,0.015653422102332115,0.009162978269159794
1784821988893498400,3.168498291015625,-0.00007635815563844517,0.012599095702171326,0.025045474991202354
1784821988903498500,3.17849853515625,-0.00557414535433054,0.005268712528049946,0.03726277872920036
1784821988913499400,3.18849951171875,-0.00618501054123044,-0.00022907447419129312,0.03481931984424591
1784821988923499300,3.198499267578125,-0.004352414980530739,-0.0020616701804101467,0.021380282938480377
1784821988933499400,3.20849951171875,0.0011453722836449742,-0.000839939690195024,0.006719517521560192
1784821988943499300,3.218499267578125,0.004199698567390442,-0.00022907447419129312,-0.004886921960860491
1784821988953499400,3.22849951171875,0.005421428941190243,-0.0014508049935102463,-0.015882495790719986
1784821988963499300,3.238499267578125,0.004199698567390442,-0.0038942659739404917,-0.02076941914856434
1784821988973499400,3.24849951171875,0.0017562375869601965,0.00038179077091626823,-0.016493361443281174
1784821988983499300,3.258499267578125,-0.0019089538836851716,0.013820826075971127,0.0006108652451075613
1784821988993499400,3.26849951171875,0.004199698567390442,0.014431691728532314,0.012217304669320583
1784821989003499300,3.278499267578125,0.010308351367712021,0.012599095702171326,0.021380282938480377
1784821989013498400,3.288498291015625,0.010308351367712021,0.007712173741310835,0.02687807008624077
1784821989023498500,3.29849853515625,0.006643159314990044,0.0022143865935504436,0.02687807008624077
1784821989033498400,3.308498291015625,-0.0006872233934700489,0.006490443367511034,0.02076941914856434
1784821989043498500,3.31849853515625,-0.006795875728130341,0.015042556449770927,0.012217304669320583
1784821989053498400,3.328498291015625,-0.009239336475729942,0.019318614155054092,0.0024434609804302454
1784821989063498500,3.33849853515625,-0.00557414535433054,0.013209961354732513,-0.006108652334660292
1784821989073498400,3.348498291015625,0.002367102773860097,0.002825251780450344,-0.013439035043120384
1784821989083498500,3.35849853515625,0.009697485715150833,-0.000839939690195024,-0.019547687843441963
1784821989093498400,3.368498291015625,0.012751812115311623,0.0022143865935504436,-0.02321287989616394
1784821989103498500,3.37849853515625,0.013973542489111423,-0.000839939690195024,-0.02626720629632473
1784821989113499400,3.38849951171875,0.009086620062589645,-0.0014508049935102463,-0.02382374368607998
1784821989123499300,3.398499267578125,-0.0031306843739002943,-0.00022907447419129312,-0.015882495790719986
1784821989133499400,3.40849951171875,-0.0214566420763731,-0.0020616701804101467,0.0006108652451075613
1784821989143499300,3.418499267578125,-0.023289237171411514,-0.004505131393671036,0.015882495790719986
1784821989153499400,3.42849951171875,-0.01840231567621231,0.0016035212902352214,0.025045474991202354
1784821989163499300,3.438499267578125,-0.012293662875890732,0.008933904580771923,0.02871066704392433
1784821989173499400,3.44849951171875,-0.004963280167430639,0.012599095702171326,0.02687807008624077
1784821989183499300,3.458499267578125,-0.0006872233934700489,0.015042556449770927,0.02321287989616394
1784821989193499400,3.46849951171875,-0.00007635815563844517,0.010766499675810337,0.02382374368607998
1784821989203499300,3.478499267578125,-0.004352414980530739,0.006490443367511034,0.02626720629632473
1784821989213498400,3.488498291015625,-0.010461067780852318,0.0009926559869199991,0.02687807008624077
1784821989223498500,3.49849853515625,-0.01412625890225172,-0.011224648915231228,0.025045474991202354
1784821989233498400,3.508498291015625,-0.016569720581173897,-0.014278975315392017,0.01710422709584236
1784821989243498500,3.51849853515625,-0.022067507728934288,-0.00939205288887024,0.00366519158706069
1784821989253498400,3.528498291015625,-0.032452214509248734,0.0022143865935504436,-0.01160643994808197
1784821989263498500,3.53849853515625,-0.0391717329621315,0.011377365328371525,-0.02382374368607998
1784821989273498600,3.54849853515625,-0.031841352581977844,-0.0069485921412706375,-0.029932396486401558
1784821989283498500,3.55849853515625,-0.011071932502090931,-0.05581781268119812,-0.02626720629632473
1784821989293498600,3.56849853515625,-0.010461067780852318,-0.04970915988087654,-0.007941247895359993
1784821989303498500,3.57849853515625,-0.017180584371089935,-0.02038762718439102,0.012217304669320583
1784821989313499400,3.58849951171875,-0.022067507728934288,-0.01488984003663063,0.036041051149368286
1784821989323499300,3.598499267578125,-0.031841352581977844,-0.0466548316180706,0.06352998316287994
1784821989333499400,3.60849951171875,-0.044058654457330704,-0.08575020730495453,0.08796459436416626
1784821989343499300,3.618499267578125,-0.04894557595252991,-0.11018481850624084,0.10384709388017654
1784821989353499400,3.62849951171875,-0.04833471402525902,-0.11079568415880203,0.11239920556545258
1784821989363499300,3.638499267578125,-0.037339139729738235,-0.11385001242160797,0.11728613078594208
1784821989373499400,3.64849951171875,-0.015347989276051521,-0.132786825299263,0.12217304855585098
1784821989383499300,3.658499267578125,0.014584408141672611,-0.16394096612930298,0.13255776464939117
1784821989393499400,3.66849951171875,0.04634939879179001,-0.19142989814281464,0.15271630883216858
1784821989403499300,3.678499267578125,0.06223189830780029,-0.19020816683769226,0.1765400618314743
1784821989413498400,3.688498291015625,0.05245805159211159,-0.18165604770183563,0.21380282938480377
1784821989423498500,3.69849853515625,0.04573853686451912,-0.19204075634479523,0.2577851414680481
1784821989433498400,3.708498291015625,0.05367978289723396,-0.2280818074941635,0.29077184200286865
1784821989443498500,3.71849853515625,0.06895141303539276,-0.24518603086471558,0.2974913716316223
1784821989453498400,3.728498291015625,0.10315986722707748,-0.25740334391593933,0.31520646810531616
1784821989463498500,3.73849853515625,0.15447254478931427,-0.3490331172943115,0.3689626157283783
1784821989473498400,3.748498291015625,0.13859005272388458,-0.36186128854751587,0.3579670190811157
1784821989483498500,3.75849853515625,0.08544477820396423,-0.3105486333370209,0.3121521472930908
1784821989493498400,3.768498291015625,0.050014592707157135,-0.29100093245506287,0.22479841113090515
1784821989503498500,3.77849853515625,0.023136520758271217,-0.24518603086471558,0.09896016865968704
1784821989513499400,3.78849951171875,0.011530081741511822,-0.15172365307807922,-0.05253441259264946
1784821989523499300,3.798499267578125,0.0017562375869601965,-0.03260493278503418,-0.22113321721553802
1784821989533499400,3.80849951171875,-0.00618501054123044,0.09017898142337799,-0.38667771220207214
1784821989543499300,3.818499267578125,-0.00557414535433054,0.1860848218202591,-0.5253441333770752
1784821989553499400,3.82849951171875,-0.017180584371089935,0.22884538769721985,-0.6157521605491638
1784821989563499300,3.838499267578125,-0.03550654277205467,0.21784982085227966,-0.6511823534965515
1784821989573499400,3.84849951171875,-0.04772384837269783,0.16470454633235931,-0.646295428276062
1784821989583499300,3.858499267578125,-0.043447788804769516,0.11339186131954193,-0.6102544069290161
1784821989593499400,3.86849951171875,-0.009239336475729942,0.053527068346738815,-0.5345070958137512
1784821989603499300,3.878499267578125,-0.0006872233934700489,0.04130976274609566,-0.4807509481906891
1784821989613498400,3.888498291015625,0.0035888333804905415,0.059635721147060394,-0.4245513379573822
1784821989623498500,3.89849853515625,0.002367102773860097,0.08407033234834671,-0.37262779474258423
1784821989633498400,3.908498291015625,-0.0190131813287735,0.10300715267658234,-0.33719760179519653
1784821989643498500,3.91849853515625,-0.04283692687749863,0.10545061528682709,-0.32986724376678467
1784821989653498400,3.928498291015625,-0.04772384837269783,0.0999528244137764,-0.3439171314239502
1784821989663498500,3.93849853515625,-0.03856086730957031,0.0645226389169693,-0.3689626157283783
1784821989673498400,3.948498291015625,-0.032452214509248734,0.006490443367511034,-0.403781920671463
1784821989683498500,3.95849853515625,-0.037950001657009125,-0.03260493278503418,-0.44226643443107605
1784821989693498400,3.968498291015625,-0.05016730725765228,-0.03443752974271774,-0.4789183437824249
1784821989703498500,3.97849853515625,-0.07032585889101028,-0.024663684889674187,-0.5155702829360962
1784821989713499400,3.98849951171875,-0.08743008971214294,0.01687515154480934,-0.5412266254425049
1784821989723499300,3.998499267578125,-0.08254316449165344,0.07368562370538712,-0.5314527750015259
1784821989733499400,4.00849951171875,-0.07582364976406097,0.11217013001441956,-0.48808133602142334
1784821989743499300,4.018499267578125,-0.0849866271018982,0.14882203936576843,-0.40622538328170776
1784821989753499400,4.02849951171875,-0.09292787313461304,0.15370896458625793,-0.35613444447517395
1784821989763499300,4.038499267578125,-0.09842566400766373,0.130496084690094,-0.31154128909111023
1784821989773499100,4.0484990234375,-0.10942123830318451,0.06757696717977524,-0.28527405858039856
1784821989783499300,4.058499267578125,-0.13752104341983795,-0.007559457328170538,-0.2877175211906433
1784821989793499100,4.0684990234375,-0.17172949016094208,-0.05581781268119812,-0.30482175946235657
1784821989803499300,4.078499267578125,-0.2053270787000656,-0.08025242388248444,-0.3225368559360504
1784821989823498200,4.098498291015625,-0.22365303337574005,-0.08941540122032166,-0.32009339332580566
1784821989833498400,4.108498291015625,-0.21815524995326996,-0.12545645236968994,-0.304210901260376
1784821989843498200,4.118498291015625,-0.19982929527759552,-0.1883755773305893,-0.2877175211906433
1784821989853498400,4.128498291015625,-0.1705077588558197,-0.2280818074941635,-0.28527405858039856
1784821989863498200,4.138498291015625,-0.13202324509620667,-0.16149750351905823,-0.294437050819397
1784821989873498400,4.148498291015625,-0.07826711237430573,-0.042989641427993774,-0.29138273000717163
1784821989883498200,4.158498291015625,-0.032452214509248734,0.05535966157913208,-0.25534167885780334
1784821989893498400,4.168498291015625,-0.01412625890225172,0.11278099566698074,-0.1667662113904953
1784821989903498200,4.178498291015625,-0.004352414980530739,0.06879869848489761,-0.11972958594560623
1784821989913499100,4.1884990234375,0.009086620062589645,-0.01061378326267004,-0.08674286305904388
1784821989923499000,4.1984990234375,0.017638733610510826,-0.12301298975944519,-0.04764748737215996
1784821989933499100,4.2084990234375,0.027412578463554382,-0.2683989107608795,0.018325956538319588
1784821989943499000,4.2184990234375,0.013362676836550236,-0.42294782400131226,0.1160643994808197
1784821989953499100,4.2284990234375,-0.011682798154652119,-0.5573381781578064,0.23273965716362
1784821989963499000,4.2384990234375,-0.026343563571572304,-0.7076110243797302,0.33658674359321594
1784821989973499100,4.2484990234375,-0.052610769867897034,-0.8407796621322632,0.3830125033855438
1784821989983499000,4.2584990234375,-0.10209085047245026,-0.8206210732460022,0.3335324227809906
1784821989993499100,4.2684990234375,-0.15951219201087952,-0.6721808314323425,0.16371189057826996
1784821990003499000,4.2784990234375,-0.21510092914104462,-0.42783474922180176,-0.08002334833145142
1784821990013498400,4.288498291015625,-0.24442245066165924,-0.09674578160047531,-0.3488040566444397
1784821990023498200,4.298498291015625,-0.23770293593406677,0.25022566318511963,-0.6041457056999207
1784821990033498400,4.308498291015625,-0.1955532431602478,0.576427698135376,-0.7922922372817993
1784821990043498200,4.318498291015625,-0.13141238689422607,0.8433758020401001,-0.8906415104866028
1784821990053498400,4.328498291015625,-0.0031306843739002943,0.9692140817642212,-0.8405506014823914
1784821990063498200,4.338498291015625,0.07139487564563751,0.8042804598808289,-0.7250970602035522
1784821990073498400,4.348498291015625,0.10315986722707748,0.5177846550941467,-0.6102544069290161
1784821990083498500,4.35849853515625,0.09888381510972977,0.18975001573562622,-0.5326744914054871
1784821990093498400,4.368498291015625,0.07383833825588226,-0.10285443812608719,-0.5094616413116455
1784821990103498500,4.37849853515625,0.02252565510571003,-0.2482403665781021,-0.5302310585975647
1784821990113499400,4.38849951171875,-0.051999904215335846,-0.24152085185050964,-0.5772676467895508
1784821990123499300,4.398499267578125,-0.12896892428398132,-0.04970915988087654,-0.6157521605491638
1784821990133499400,4.40849951171875,-0.16317738592624664,0.2013564556837082,-0.6163630485534668
1784821990143499300,4.418499267578125,-0.1399645060300827,0.4127158224582672,-0.5711590051651001
1784821990153499400,4.42849951171875,-0.08071056753396988,0.521449863910675,-0.49357911944389343
1784821990163499300,4.438499267578125,-0.013515393249690533,0.4896848499774933,-0.4153883755207062
1784821990173499400,4.44849951171875,0.04329507425427437,0.363235741853714,-0.36713001132011414
1784821990183499300,4.458499267578125,0.08055785298347473,0.2154063582420349,-0.36713001132011414
1784821990193499400,4.46849951171875,0.11415544152259827,0.08407033234834671,-0.3903428912162781
1784821990203499300,4.478499267578125,0.12942707538604736,-0.042989641427993774,-0.4288274049758911
1784821990213498400,4.488498291015625,0.10865765810012817,-0.03504839166998863,-0.4282165467739105
1784821990223498500,4.49849853515625,0.08544477820396423,0.012599095702171326,-0.4080579876899719
1784821990233498400,4.508498291015625,0.07078400999307632,0.09689849615097046,-0.37690386176109314
1784821990243498500,4.51849853515625,0.06406449526548386,0.17692184448242188,-0.3390302062034607
1784821990253498400,4.528498291015625,0.06589708477258682,0.2465604841709137,-0.30543261766433716
1784821990263498500,4.53849853515625,0.07567093521356583,0.2709950804710388,-0.29016098380088806
1784821990273498400,4.548498291015625,0.0823904499411583,0.2661081850528717,-0.30054569244384766
1784821990283498500,4.55849853515625,0.09277515858411789,0.2355649173259735,-0.32070425152778625
1784821990293498400,4.568498291015625,0.11965323239564896,0.1958586722612381,-0.3274237811565399
1784821990303498500,4.57849853515625,0.1624137908220291,0.1757001131772995,-0.32070425152778625
1784821990313499400,4.58849951171875,0.19906571507453918,0.18303050100803375,-0.2919935882091522
1784821990323499300,4.598499267578125,0.21983513236045837,0.18364135921001434,-0.24190263450145721
1784821990333499400,4.60849951171875,0.2283872365951538,0.15615242719650269,-0.1869247704744339
1784821990343499300,4.618499267578125,0.23021984100341797,0.1298852264881134,-0.13866640627384186
1784821990353499400,4.62849951171875,0.2137264758348465,0.07063129544258118,-0.07391469180583954
1784821990363499300,4.638499267578125,0.20028744637966156,0.012599095702171326,-0.028099801391363144
1784821990373499400,4.64849951171875,0.21250474452972412,-0.02955060638487339,0.028099801391363144
1784821990383499300,4.658499267578125,0.24976752698421478,-0.011835514567792416,0.10567969083786011
1784821990393499400,4.66849951171875,0.3047454059123993,0.03764457255601883,0.20097467303276062
1784821990403499300,4.678499267578125,0.35239288210868835,0.10300715267658234,0.30482175946235657
1784821990413498400,4.688498291015625,0.38232529163360596,0.15248723328113556,0.40133845806121826
1784821990423498500,4.69849853515625,0.4000403881072998,0.1653154045343399,0.4856378734111786
1784821990433498400,4.708498291015625,0.4250858426094055,0.1256091594696045,0.5607742667198181
1784821990443498500,4.71849853515625,0.45379650592803955,0.0443640872836113,0.6212499737739563
1784821990453498400,4.728498291015625,0.4757876694202423,-0.03749185428023338,0.6572909951210022
1784821990463498500,4.73849853515625,0.47884199023246765,-0.06925684958696365,0.6713408827781677
1784821990473498400,4.748498291015625,0.4611268937587738,-0.07780896127223969,0.685390830039978
1784821990483498500,4.75849853515625,0.4501313269138336,-0.07964155822992325,0.7116580009460449
1784821990493498400,4.768498291015625,0.4763985276222229,-0.10041097551584244,0.7379252314567566
1784821990503498500,4.77849853515625,0.5674174427986145,-0.17188221216201782,0.740368664264679
1784821990513499100,4.7884990234375,0.6327800154685974,-0.20914499461650848,0.7122688889503479
1784821990523499300,4.798499267578125,0.6755406260490417,-0.19937114417552948,0.6524040699005127
1784821990533466000,4.808466064453125,0.6822600960731506,-0.17921258509159088,0.6139195561408997
1784821990543432700,4.8184326171875,0.6474407911300659,-0.051541756838560104,0.48197266459465027
1784821990553399300,4.8283994140625,0.5967389941215515,0.0797942727804184,0.39584067463874817
1784821990563366000,4.838365966796875,0.5466480255126953,0.19341520965099335,0.3237585723400116
1784821990573332700,4.848332763671875,0.5258786082267761,0.2355649173259735,0.28527405858039856
1784821990583299300,4.85829931640625,0.5387067794799805,0.2062433809041977,0.2675589919090271
1784821990593266000,4.868265869140625,0.5869651436805725,0.1451568603515625,0.27000242471694946
1784821990603232800,4.878232666015625,0.6407212615013123,0.08345946669578552,0.30482175946235657
1784821990613198300,4.8881982421875,0.6749297380447388,0.05291620269417763,0.36713001132011414
1784821990623165200,4.898165283203125,0.6792057752609253,0.053527068346738815,0.4440990388393402
1784821990633131800,4.9081318359375,0.6566037535667419,0.06391177326440811,0.5229006409645081
1784821990643098400,4.918098388671875,0.601015031337738,0.1048397496342659,0.5907067060470581
1784821990653065200,4.928065185546875,0.5179373621940613,0.1457677185535431,0.6414085030555725
1784821990663031800,4.93803173828125,0.42814019322395325,0.1451568603515625,0.6817256212234497
1784821990672998400,4.947998291015625,0.36766451597213745,0.1048397496342659,0.7018841505050659
1784821990682965000,4.957965087890625,0.3389538526535034,0.04558581858873367,0.6976081132888794
1784821990692931800,4.967931884765625,0.35178202390670776,-0.07841982692480087,0.6811147332191467
1784821990702898400,4.9778984375,0.36338844895362854,-0.14866933226585388,0.656680166721344
1784821990712866000,4.987865966796875,0.3542254865169525,-0.15477798879146576,0.616973876953125
1784821990722832600,4.99783251953125,0.32734742760658264,-0.09491318464279175,0.5674937963485718
1784821990732799200,5.00779931640625,0.2900846302509308,-0.007559457328170538,0.4960225820541382
1784821990742766000,5.01776611328125,0.26259568333625793,0.09201157838106155,0.3988949954509735
1784821990752732700,5.027732666015625,0.25587618350982666,0.18180876970291138,0.28649580478668213
1784821990762699300,5.03769921875,0.2583196461200714,0.2520582675933838,0.18570303916931152
1784821990772665900,5.047665771484375,0.23999367654323578,0.2972623109817505,0.11484266817569733
1784821990782632700,5.0576328125,0.1984548419713974,0.321086049079895,0.06536258012056351
1784821990792599300,5.067599365234375,0.14164437353610992,0.3583488166332245,0.06169738993048668
1784821990802566000,5.07756591796875,0.08910996466875076,0.391946405172348,0.10873401165008545
1784821990812531700,5.08753173828125,0.06223189830780029,0.3888920843601227,0.17898350954055786
1784821990822498300,5.097498291015625,0.07506006956100464,0.34918585419654846,0.24556782841682434
1784821990832498400,5.10749853515625,0.12026409804821014,0.272827684879303,0.29993483424186707
1784821990842498300,5.117498291015625,0.1935679316520691,0.10300715267658234,0.34513887763023376
1784821990852498400,5.12749853515625,0.22777637839317322,-0.018555032089352608,0.3390302062034607
1784821990862498300,5.137498291015625,0.2442697435617447,-0.09918924421072006,0.304210901260376
1784821990872498400,5.14749853515625,0.24243713915348053,-0.11934779584407806,0.22968533635139465
1784821990882498300,5.157498291015625,0.22105686366558075,-0.05826127156615257,0.12034045159816742
1784821990892498400,5.16749853515625,0.18684840202331543,0.07185302674770355,0.00855211354792118
1784821990902498300,5.177498291015625,0.1526399552822113,0.22518019378185272,-0.051312681287527084
1784821990912499200,5.187499267578125,0.13125966489315033,0.3363576829433441,-0.056810468435287476
1784821990922499300,5.197499267578125,0.13614659011363983,0.37606391310691833,-0.022602014243602753
1784821990932499200,5.207499267578125,0.16180293262004852,0.3626248836517334,0.014049900695681572
1784821990942499300,5.217499267578125,0.19173532724380493,0.32963815331459045,0.04581489413976669
1784821990952499200,5.227499267578125,0.21494820713996887,0.282601535320282,0.07269296050071716
1784821990962499300,5.237499267578125,0.23449589312076569,0.23800836503505707,0.09773843735456467
1784821990972498400,5.24749853515625,0.258930504322052,0.1854739636182785,0.12889257073402405
1784821990982498300,5.257498291015625,0.28703030943870544,0.1256091594696045,0.16371189057826996
1784821990992498400,5.26749853515625,0.32246050238609314,0.027259862050414085,0.21441370248794556
1784821991002498300,5.277498291015625,0.3187952935695648,-0.006337726954370737,0.2168571650981903
1784821991012497400,5.287497314453125,0.28641945123672485,-0.000839939690195024,0.1765400618314743
1784821991022497500,5.29749755859375,0.2491566687822342,0.014431691728532314,0.11423180252313614
1784821991032497400,5.307497314453125,0.20761781930923462,0.004657847341150045,0.04948008432984352
1784821991042497500,5.31749755859375,0.17829629778862,-0.016722436994314194,0.00366519158706069
1784821991052497400,5.327497314453125,0.17035505175590515,-0.01061378326267004,-0.015271631069481373
1784821991062497500,5.33749755859375,0.1636355221271515,0.022372938692569733,-0.02076941914856434
1784821991072497400,5.347497314453125,0.15874861180782318,0.036422841250896454,-0.022602014243602753
1784821991082497500,5.35749755859375,0.16058120131492615,0.02603813074529171,-0.033597588539123535
1784821991092497400,5.367497314453125,0.1575268805027008,0.004046982154250145,-0.07819075137376785
1784821991102497500,5.37749755859375,0.14897476136684418,-0.016111571341753006,-0.13316862285137177
1784821991112498400,5.38749853515625,0.1275944709777832,-0.005115996580570936,-0.16859880089759827
1784821991122498300,5.397498291015625,0.10560332983732224,0.02054034359753132,-0.17776179313659668
1784821991132498400,5.40749853515625,0.09460775554180145,-0.00022907447419129312,-0.17592918872833252
1784821991142498300,5.417498291015625,0.1227075532078743,-0.05337435007095337,-0.16920967400074005
1784821991152498400,5.42749853515625,0.18745927512645721,-0.03749185428023338,-0.13439035415649414
1784821991162498300,5.437498291015625,0.21006128191947937,-0.03321579843759537,-0.11850785464048386
1784821991172498400,5.44749853515625,0.19723311066627502,0.048029281198978424,-0.11056660860776901
1784821991182498300,5.457498291015625,0.168522447347641,0.18425223231315613,-0.11056660860776901
1784821991192498400,5.46749853515625,0.15935947000980377,0.282601535320282,-0.11911872029304504
1784821991202498300,5.477498291015625,0.17951802909374237,0.30886873602867126,-0.14355333149433136
1784821991212497400,5.487497314453125,0.2192242592573166,0.2966514229774475,-0.16859880089759827
1784821991222497500,5.49749755859375,0.2528218626976013,0.28504499793052673,-0.1869247704744339
1784821991232497400,5.507497314453125,0.26626089215278625,0.2563343346118927,-0.20525072515010834
1784821991242497500,5.51749755859375,0.26259568333625793,0.22518019378185272,-0.23151792585849762
1784821991252497400,5.527497314453125,0.26198482513427734,0.19219347834587097,-0.26939156651496887
1784821991262497500,5.53749755859375,0.26076310873031616,0.15370896458625793,-0.31520646810531616
1784821991272498400,5.54749853515625,0.26137396693229675,0.13232868909835815,-0.3445279896259308
1784821991282498300,5.557498291015625,0.2632065713405609,0.1353830099105835,-0.34025195240974426
1784821991292498400,5.56749853515625,0.26626089215278625,0.12744176387786865,-0.3084869384765625
1784821991302498300,5.577498291015625,0.28641945123672485,0.09689849615097046,-0.22907446324825287
1784821991312499200,5.587499267578125,0.31635183095932007,0.11583532392978668,-0.16371189057826996
1784821991322499000,5.5974990234375,0.3597232699394226,0.13171781599521637,-0.11178833991289139
1784821991332499200,5.607499267578125,0.39759692549705505,0.16409367322921753,-0.08002334833145142
1784821991342499000,5.6174990234375,0.41836634278297424,0.2154063582420349,-0.06230825558304787
1784821991352499200,5.627499267578125,0.42936190962791443,0.24289529025554657,-0.042760565876960754
1784821991362499000,5.6374990234375,0.42752930521965027,0.23495404422283173,-0.04337143152952194
1784821991372499200,5.647499267578125,0.4220315217971802,0.18913915753364563,-0.07269296050071716
1784821991382499000,5.6574990234375,0.4159228801727295,0.15309810638427734,-0.1111774742603302
1784821991392499200,5.667499267578125,0.4000403881072998,0.13721559941768646,-0.1563815027475357
1784821991402499000,5.6774990234375,0.3743840456008911,0.11400272697210312,-0.20463985204696655
1784821991412498400,5.68749853515625,0.34689509868621826,0.09384417533874512,-0.22968533635139465
1784821991422498300,5.697498291015625,0.3255148231983185,0.10545061528682709,-0.21624629199504852
1784821991432498400,5.70749853515625,0.3132975101470947,0.13232868909835815,-0.1765400618314743
1784821991442498300,5.717498291015625,0.3200170397758484,0.1598176211118698,-0.12339477986097336
1784821991452498400,5.72749853515625,0.35300374031066895,0.30214923620224,-0.04459316283464432
1784821991462498300,5.737498291015625,0.37316229939460754,0.3833943009376526,-0.028099801391363144
1784821991472498400,5.74749853515625,0.39820778369903564,0.3815616965293884,-0.03420845419168472
1784821991482498300,5.757498291015625,0.4263075888156891,0.30398181080818176,-0.033597588539123535
1784821991492498400,5.76749853515625,0.43852490186691284,0.17936530709266663,-0.036651913076639175
1784821991502498300,5.777498291015625,0.43363797664642334,0.05474879592657089,-0.03787364438176155
1784821991512499200,5.787499267578125,0.4153120219707489,-0.036880988627672195,-0.03420845419168472
1784821991522499300,5.797499267578125,0.39332085847854614,-0.057650405913591385,-0.028099801391363144
1784821991532499200,5.807499267578125,0.3756057620048523,-0.011835514567792416,-0.025045474991202354
1784821991542499300,5.817499267578125,0.36827537417411804,0.08223773539066315,-0.007941247895359993
1784821991552499200,5.827499267578125,0.3658319115638733,0.17692184448242188,0.02015855349600315
1784821991562499300,5.837499267578125,0.36827537417411804,0.21968241035938263,0.042760565876960754
1784821991572500200,5.847500244140625,0.3792709708213806,0.18913915753364563,0.07330382615327835
1784821991582500000,5.8575,0.3908773958683014,0.12072224169969559,0.1062905490398407
1784821991592500200,5.867500244140625,0.40737074613571167,0.06207918003201485,0.1417207419872284
1784821991602500000,5.8775,0.4421900808811188,0.018096882849931717,0.19547687470912933
1784821991612499200,5.887499267578125,0.4647921025753021,0.018096882849931717,0.19547687470912933
1784821991622499300,5.897499267578125,0.4953353703022003,0.053527068346738815,0.17287486791610718
1784821991632499200,5.907499267578125,0.5313764214515686,0.10056369006633759,0.14782938361167908
1784821991642499300,5.917499267578125,0.5765804052352905,0.12805262207984924,0.1514945775270462
1784821991652499200,5.927499267578125,0.6187301278114319,0.13232868909835815,0.17898350954055786
1784821991662499300,5.937499267578125,0.6443864703178406,0.11339186131954193,0.19364428520202637
1784821991672499200,5.947499267578125,0.6596581339836121,0.1097266674041748,0.19120082259178162
1784821991682499300,5.957499267578125,0.6816492676734924,0.13355042040348053,0.17592918872833252
1784821991692499200,5.967499267578125,0.7109707593917847,0.19280433654785156,0.15943582355976105
1784821991702499300,5.977499267578125,0.7415140271186829,0.2612212598323822,0.1472185254096985
1784821991712500200,5.987500244140625,0.7781659364700317,0.3027600944042206,0.13377949595451355
1784821991722500000,5.9975,0.8209265470504761,0.31436651945114136,0.12095131725072861
1784821991732500200,6.007500244140625,0.8697957396507263,0.30031663179397583,0.11301007121801376
1784821991742500000,6.0175,0.9131671786308289,0.2667190432548523,0.09834930300712585
1784821991752500200,6.027500244140625,0.9424887299537659,0.22945626080036163,0.07941248267889023
1784821991762500000,6.0375,0.9779189229011536,0.23373231291770935,0.06291911751031876
1784821991772500200,6.047500244140625,0.9883036017417908,0.2764928936958313,0.05742133408784866
1784821991782500000,6.0575,0.999299168586731,0.3161991238594055,0.06169738993048668
1784821991792500200,6.067500244140625,1.0194576978683472,0.34429892897605896,0.0708603709936142
1784821991802500000,6.0775,1.0451140403747559,0.3571271002292633,0.07819075137376785
1784821991812499200,6.087499267578125,1.0652726888656616,0.3485749661922455,0.08491026610136032
1784821991822499300,6.097499267578125,1.076268196105957,0.33024901151657104,0.09162978827953339
1784821991832499200,6.107499267578125,1.0634400844573975,0.3064252734184265,0.09468411654233932
1784821991842499300,6.117499267578125,1.028620719909668,0.29848402738571167,0.09285151958465576
1784821991852499200,6.127499267578125,0.9876927137374878,0.29359710216522217,0.09773843735456467
1784821991862499300,6.137499267578125,0.943710446357727,0.27954721450805664,0.1062905490398407
1784821991872498400,6.14749853515625,0.9021716117858887,0.25389087200164795,0.1062905490398407
1784821991882498300,6.157498291015625,0.8704066276550293,0.23984096944332123,0.09346238523721695
1784821991892498400,6.16749853515625,0.8484154939651489,0.24411702156066895,0.06230825558304787
1784821991902498300,6.177498291015625,0.8398633599281311,0.26488643884658813,0.018936822190880775
1784821991912499200,6.187499267578125,0.8380307555198669,0.31009048223495483,-0.06963863968849182
1784821991922499300,6.197499267578125,0.8355873227119446,0.31864258646965027,-0.12339477986097336
1784821991932499200,6.207499267578125,0.8307003974914551,0.32475122809410095,-0.152105450630188
1784821991942499300,6.217499267578125,0.8160396218299866,0.31497737765312195,-0.15454891324043274
1784821991952499200,6.227499267578125,0.792215883731842,0.31009048223495483,-0.14355333149433136
1784821991962499300,6.237499267578125,0.772057294845581,0.34552064538002014,-0.1014036312699318
1784821991972499200,6.247499267578125,0.7512878775596619,0.4084397852420807,-0.0403171069920063
1784821991982499300,6.257499267578125,0.7213554978370667,0.44631341099739075,0.01466076634824276
1784821991992499200,6.267499267578125,0.6932557225227356,0.45058947801589966,0.06658431142568588
1784821992002499300,6.277499267578125,0.6743188500404358,0.4279874563217163,0.11178833991289139
1784821992012498400,6.28749853515625,0.6535494327545166,0.3687335252761841,0.13439035415649414
1784821992032498400,6.30749853515625,0.620562732219696,0.2972623109817505,0.13866640627384186
1784821992042498300,6.317498291015625,0.6120105981826782,0.3119230568408966,0.13439035415649414
1784821992052498400,6.32749853515625,0.6101779937744141,0.31864258646965027,0.11484266817569733
1784821992062498300,6.337498291015625,0.6156758069992065,0.3271946907043457,0.06719517707824707
1784821992072498400,6.34749853515625,0.6101779937744141,0.3430771827697754,0.024434609338641167
1784821992082498300,6.357498291015625,0.5863542556762695,0.3577379584312439,-0.01038470957428217
1784821992092498400,6.36749853515625,0.553367555141449,0.3870594799518585,-0.00733038317412138
1784821992102498300,6.377498291015625,0.524046003818512,0.38461601734161377,0.02626720629632473
1784821992112499200,6.387499267578125,0.49838969111442566,0.35101842880249023,0.07757988572120667
1784821992122499300,6.397499267578125,0.47456592321395874,0.3161991238594055,0.11484266817569733
1784821992132499200,6.407499267578125,0.45440739393234253,0.2911536395549774,0.1313360333442688
1784821992142499300,6.417499267578125,0.43852490186691284,0.27954721450805664,0.12095131725072861
1784821992152499200,6.427499267578125,0.4220315217971802,0.26855164766311646,0.09407325088977814
1784821992162499300,6.437499267578125,0.4116468131542206,0.25511258840560913,0.0659734457731247
1784821992172499200,6.447499267578125,0.40248385071754456,0.220904141664505,0.03420845419168472
1784821992182499300,6.457499267578125,0.38721221685409546,0.17631098628044128,0.004886921960860491
1784821992192499200,6.467499267578125,0.3756057620048523,0.1604284793138504,-0.00366519158706069
1784821992202499300,6.477499267578125,0.3603341281414032,0.16653713583946228,-0.0006108652451075613
1784821992212498400,6.48749853515625,0.3456733822822571,0.18425223231315613,0.009773843921720982
1784821992222498300,6.497498291015625,0.31207579374313354,0.24900394678115845,0.04703662544488907
1784821992232498400,6.50749853515625,0.2882520258426666,0.2557234764099121,0.07941248267889023
1784821992242498300,6.517498291015625,0.2693152129650116,0.23189972341060638,0.09957103431224823
1784821992252498400,6.52749853515625,0.26687175035476685,0.1952477991580963,0.10506882518529892
1784821992262498300,6.537498291015625,0.27298039197921753,0.14760030806064606,0.09346238523721695
1784821992272498400,6.54749853515625,0.2748129963874817,0.09628763794898987,0.06902777403593063
1784821992282498300,6.557498291015625,0.27114781737327576,0.0749073475599289,0.05803219974040985
1784821992292498400,6.56749853515625,0.258930504322052,0.06574437022209167,0.06169738993048668
1784821992302498300,6.577498291015625,0.23693935573101044,0.0443640872836113,0.06108652427792549
1784821992312499200,6.587499267578125,0.2131156176328659,0.03520110994577408,0.04764748737215996
1784821992322499300,6.597499267578125,0.19906571507453918,0.059635721147060394,0.0403171069920063
1784821992332499200,6.607499267578125,0.18684840202331543,0.09262244403362274,0.0354301854968071
1784821992342499300,6.617499267578125,0.17646369338035583,0.10911580175161362,0.03481931984424591
1784821992352499200,6.627499267578125,0.16730071604251862,0.11400272697210312,0.03787364438176155
1784821992362499300,6.637499267578125,0.16180293262004852,0.11033753305673599,0.04398229718208313
1784821992372499200,6.647499267578125,0.15569427609443665,0.09628763794898987,0.045204028487205505
1784821992382499300,6.657499267578125,0.13981178402900696,0.06757696717977524,0.04703662544488907
1784821992392499200,6.667499267578125,0.11415544152259827,0.05169447138905525,0.0507018156349659
1784821992402499300,6.677499267578125,0.09155342727899551,0.036422841250896454,0.04764748737215996
1784821992412498400,6.68749853515625,0.07750352472066879,0.010766499675810337,0.04398229718208313
1784821992422498300,6.697498291015625,0.059177570044994354,-0.022220224142074585,0.03176499158143997
1784821992432498400,6.70749853515625,0.04329507425427437,-0.04115704447031021,0.01710422709584236
1784821992442498300,6.717498291015625,0.0365755558013916,-0.0466548316180706,-0.0006108652451075613
1784821992452498400,6.72749853515625,0.03718642145395279,-0.03749185428023338,-0.021991148591041565
1784821992462498300,6.737498291015625,0.044516805559396744,-0.011835514567792416,-0.04398229718208313
1784821992472498400,6.74749853515625,0.05123632401227951,0.02603813074529171,-0.05742133408784866
1784821992482498300,6.757498291015625,0.04512767121195793,0.041920628398656845,-0.06291911751031876
1784821992492498400,6.76749853515625,0.035964690148830414,0.0339793786406517,-0.06108652427792549
1784821992502498300,6.777498291015625,0.03107776865363121,0.04558581858873367,-0.045204028487205505
1784821992512499200,6.787499267578125,0.023747386410832405,0.05841398984193802,-0.039095375686883926
1784821992522499300,6.797499267578125,0.020082194358110428,0.0541379339993,-0.04398229718208313
1784821992532499200,6.807499267578125,0.02863430790603161,0.05047274008393288,-0.031154127791523933
1784821992542499300,6.817499267578125,0.024358252063393593,0.02603813074529171,-0.016493361443281174
1784821992552499200,6.827499267578125,0.012140946462750435,0.004657847341150045,-0.007941247895359993
1784821992562499300,6.837499267578125,-0.006795875728130341,-0.01366810966283083,-0.009162978269159794
1784821992572499200,6.847499267578125,-0.022067507728934288,-0.016722436994314194,-0.01466076634824276
1784821992582499300,6.857499267578125,-0.03306308016180992,0.0009926559869199991,-0.004886921960860491
1784821992592499200,6.867499267578125,-0.049556441605091095,0.008933904580771923,0.025656340643763542
1784821992602499300,6.877499267578125,-0.0697149932384491,0.008933904580771923,0.06230825558304787
1784821992612498400,6.88749853515625,-0.084375761449337,0.008933904580771923,0.08307767659425735
1784821992622498300,6.897498291015625,-0.08804095536470413,0.007712173741310835,0.09162978827953339
1784821992632498400,6.90749853515625,-0.0947604700922966,0.0009926559869199991,0.08979719132184982
1784821992642498300,6.917498291015625,-0.1051451787352562,-0.014278975315392017,0.07513642311096191
1784821992652498400,6.92749853515625,-0.11736248433589935,0.0022143865935504436,0.04581489413976669
1784821992662498300,6.937498291015625,-0.1295797973871231,0.021151209250092506,0.00855211354792118
1784821992672498400,6.94749853515625,-0.17234036326408386,-0.0032834007870405912,-0.030543262138962746
1784821992682498300,6.957498291015625,-0.1857793927192688,0.012599095702171326,-0.048258353024721146
1784821992692498400,6.96749853515625,-0.17844900488853455,-0.000839939690195024,-0.07452555745840073
1784821992702498600,6.97749853515625,-0.15951219201087952,-0.005726861767470837,-0.07391469180583954
1784821992712499200,6.987499267578125,-0.14301882684230804,-0.042989641427993774,-0.06475171446800232
1784821992722499300,6.997499267578125,-0.12408200651407242,-0.06253732740879059,-0.06169738993048668
1784821992732499200,7.007499267578125,-0.11736248433589935,-0.051541756838560104,-0.05742133408784866
1784821992742499300,7.017499267578125,-0.13324497640132904,-0.05093089118599892,-0.0507018156349659
1784821992752499200,7.027499267578125,-0.16195565462112427,-0.07475463300943375,-0.04642575979232788
1784821992762499300,7.037499267578125,-0.18211419880390167,-0.10346530377864838,-0.03787364438176155
1784821992772499200,7.047499267578125,-0.18761198222637177,-0.12973250448703766,-0.01160643994808197
1784821992782499300,7.057499267578125,-0.19310978055000305,-0.1578323096036911,0.02932153269648552
